split_seed,seed,model,epochs,train_ce,val_ce,test_ce,test_accuracy,forward_projection_macs
2026,42,linear,100,0.04405248762651332,0.13282804401816545,0.12072010548167111,0.9694444444444444,68992000
2026,42,moe,100,0.010105489448223058,0.0868185433818701,0.08911472336523703,0.9777777777777777,146263040
2026,42,linear_mac_matched,212,0.018035887464297247,0.12591054819597736,0.12458004295882022,0.975,146263040
2026,42,moe_no_balance,100,0.012333627772568892,0.08919393615954652,0.11424512685291181,0.9722222222222222,146263040
2026,42,scratch_moe,100,0.008701210066627676,0.11049144294612519,0.09843620212258496,0.975,165580800
2026,43,linear,100,0.043900028218892904,0.13070178426564866,0.12090203634024657,0.9722222222222222,68992000
2026,43,moe,100,0.010869754179905352,0.10271329257144375,0.07292540664322024,0.9805555555555555,146263040
2026,43,linear_mac_matched,212,0.017978278059329132,0.12395265521226054,0.12346881312148711,0.9777777777777777,146263040
2026,43,moe_no_balance,100,0.011035527130794845,0.10152069312202236,0.10030402376890606,0.9722222222222222,146263040
2026,43,scratch_moe,100,0.011499390391430634,0.13738129481505545,0.09654212858663071,0.9694444444444444,165580800
2026,44,linear,100,0.044020310025927316,0.13189079790650923,0.11966294187560823,0.9694444444444444,68992000
2026,44,moe,100,0.011623891832653662,0.09739500111093258,0.10761198117990767,0.9666666666666667,146263040
2026,44,linear_mac_matched,212,0.01798456019597269,0.12519144683197928,0.12350947314629009,0.9777777777777777,146263040
2026,44,moe_no_balance,100,0.012735882943657843,0.10954820748829412,0.09675602841880099,0.975,146263040
2026,44,scratch_moe,100,0.009784362543797907,0.19329868060686348,0.1340227576891764,0.9694444444444444,165580800
2026,45,linear,100,0.04417501540988825,0.13541203277794706,0.12228474816572156,0.9694444444444444,68992000
2026,45,moe,100,0.011554606485968365,0.07915823563505557,0.09607748117523607,0.9722222222222222,146263040
2026,45,linear_mac_matched,212,0.01808354149285569,0.12375974159760238,0.12255069793615431,0.9777777777777777,146263040
2026,45,moe_no_balance,100,0.010671283795415286,0.08891850141295012,0.0858107231947771,0.9777777777777777,146263040
2026,45,scratch_moe,100,0.010344897452697508,0.12305184903587697,0.07416007428192921,0.9861111111111112,165580800
2026,46,linear,100,0.044191685943582845,0.13567092180961962,0.12210559869734075,0.9694444444444444,68992000
2026,46,moe,100,0.010953910523318112,0.0789414764757045,0.08568628424771912,0.9833333333333333,146263040
2026,46,linear_mac_matched,212,0.018072028136779713,0.12529262623065793,0.12488239853897234,0.975,146263040
2026,46,moe_no_balance,100,0.009702453866562677,0.08808165054633905,0.09882836882663268,0.975,146263040
2026,46,scratch_moe,100,0.008834967004240704,0.11873644639886526,0.09405583333022415,0.9666666666666667,165580800
2027,42,linear,100,0.04041822429638424,0.15827857920849436,0.16236364408517187,0.9638888888888889,68992000
2027,42,moe,100,0.01242819639708647,0.13550775845672053,0.14121832653193184,0.9638888888888889,146263040
2027,42,linear_mac_matched,212,0.017894277215936356,0.16517004183288536,0.17473315778277732,0.9666666666666667,146263040
2027,42,moe_no_balance,100,0.014613221520303765,0.1595885842715721,0.15496842972280883,0.9722222222222222,146263040
2027,42,scratch_moe,100,0.012173464686425281,0.1474548416708578,0.11891841135917124,0.9611111111111111,165580800
2027,43,linear,100,0.04049664190487432,0.16036318585348913,0.16228816351735698,0.9638888888888889,68992000
2027,43,moe,100,0.009983395723452661,0.1527498747193848,0.14557129529635704,0.9694444444444444,146263040
2027,43,linear_mac_matched,212,0.017834008584032123,0.16732198625213238,0.17499406860441047,0.9638888888888889,146263040
2027,43,moe_no_balance,100,0.011623502972483778,0.1260473304691521,0.12988544358665996,0.9722222222222222,146263040
2027,43,scratch_moe,100,0.013286887088615472,0.153579458044531,0.12211693088346735,0.9722222222222222,165580800
2027,44,linear,100,0.0405475195469953,0.1602978094996479,0.16313179063793926,0.9638888888888889,68992000
2027,44,moe,100,0.015013824532535905,0.13623413136479534,0.16375658554725903,0.9666666666666667,146263040
2027,44,linear_mac_matched,212,0.01795772953430214,0.16689039982442244,0.17407807051538662,0.9666666666666667,146263040
2027,44,moe_no_balance,100,0.014597771764746562,0.14850159680754316,0.1525177669740929,0.9722222222222222,146263040
2027,44,scratch_moe,100,0.011318216300683396,0.11665131174159177,0.11073964921035831,0.975,165580800
2027,45,linear,100,0.040460108798353225,0.16059893374566747,0.16231546009872458,0.9638888888888889,68992000
2027,45,moe,100,0.012063772633886997,0.12074598298270957,0.10608035875858847,0.9722222222222222,146263040
2027,45,linear_mac_matched,212,0.017901877111992436,0.16693942417691676,0.17509603081382433,0.9638888888888889,146263040
2027,45,moe_no_balance,100,0.014645150194606632,0.11068141107772918,0.11748432379310972,0.9722222222222222,146263040
2027,45,scratch_moe,100,0.017140353975682213,0.18371765738919457,0.14434491585931772,0.9527777777777777,165580800
2027,46,linear,100,0.040135086753093,0.1600498669845054,0.16280231657524658,0.9666666666666667,68992000
2027,46,moe,100,0.011749448256839603,0.11181343313291621,0.12269865146941691,0.9694444444444444,146263040
2027,46,linear_mac_matched,212,0.017744688629166082,0.16601454549969702,0.17545429150210012,0.9638888888888889,146263040
2027,46,moe_no_balance,100,0.012215616595304764,0.1312996946495266,0.12562921856359238,0.9611111111111111,146263040
2027,46,scratch_moe,100,0.011104263817129778,0.1276787307642303,0.1630624424086809,0.9555555555555556,165580800
2028,42,linear,100,0.0522574567574946,0.10225545716321109,0.11225267562001362,0.9583333333333334,68992000
2028,42,moe,100,0.015766771193043566,0.09152076903928827,0.0603184815138835,0.9805555555555555,146263040
2028,42,linear_mac_matched,212,0.02463120369015587,0.08912574442874537,0.09581730860933652,0.9611111111111111,146263040
2028,42,moe_no_balance,100,0.014099305252406416,0.05849052104386048,0.0696140333140327,0.975,146263040
2028,42,scratch_moe,100,0.011049323481527472,0.10748803307465801,0.0714571711574745,0.9805555555555555,165580800
2028,43,linear,100,0.05194099957911831,0.10185545838771806,0.1117361600047527,0.9638888888888889,68992000
2028,43,moe,100,0.013902377492403847,0.06883964853597907,0.07484082514456897,0.9694444444444444,146263040
2028,43,linear_mac_matched,212,0.02451763712705559,0.0889697108878076,0.0967963088923123,0.9611111111111111,146263040
2028,43,moe_no_balance,100,0.01421304647402287,0.07181111218485747,0.05956946953271689,0.9805555555555555,146263040
2028,43,scratch_moe,100,0.018550545276777332,0.09445432420133397,0.09485247411558605,0.9722222222222222,165580800
2028,44,linear,100,0.05237971925706101,0.10260747553232415,0.11313053622836754,0.9583333333333334,68992000
2028,44,moe,100,0.014649580816857268,0.07819729195997391,0.06462499548446202,0.9805555555555555,146263040
2028,44,linear_mac_matched,212,0.024677934086984113,0.08962603562670649,0.09643121698397417,0.9611111111111111,146263040
2028,44,moe_no_balance,100,0.014848723986963786,0.06446751616074656,0.06295992805953156,0.9833333333333333,146263040
2028,44,scratch_moe,100,0.012786305531940363,0.08731627118042762,0.08447979626824001,0.975,165580800
2028,45,linear,100,0.052227212001139146,0.10265088190393161,0.11130606267828769,0.9638888888888889,68992000
2028,45,moe,100,0.013775584830375661,0.09032977700658534,0.10244647690249238,0.9666666666666667,146263040
2028,45,linear_mac_matched,212,0.02464107615072304,0.0891714006610917,0.09717447937320539,0.9638888888888889,146263040
2028,45,moe_no_balance,100,0.017419131065455534,0.07828578538255075,0.071646669157795,0.9722222222222222,146263040
2028,45,scratch_moe,100,0.016532342068871494,0.08808253740721672,0.056817147112299675,0.9777777777777777,165580800
2028,46,linear,100,0.05256551017196952,0.10187304066148928,0.11384538664390706,0.9611111111111111,68992000
2028,46,moe,100,0.013758213022882226,0.06652161960702024,0.07347196309140319,0.9722222222222222,146263040
2028,46,linear_mac_matched,212,0.024748453786102284,0.08830700102519415,0.09867050403636755,0.9638888888888889,146263040
2028,46,moe_no_balance,100,0.01803245266041285,0.06368534062760897,0.08180987587533485,0.9638888888888889,146263040
2028,46,scratch_moe,100,0.010351669292285542,0.07682960756554773,0.06361014199272529,0.9833333333333333,165580800
